code_commune;nom_commune;actual_bloc_centre_2022;pred_bloc_centre_2022;actual_bloc_droite_2022;pred_bloc_droite_2022;actual_bloc_droite_radicale_2022;pred_bloc_droite_radicale_2022;actual_bloc_gauche_2022;pred_bloc_gauche_2022;actual_bloc_gauche_radicale_2022;pred_bloc_gauche_radicale_2022;actual_bloc_souverainiste_autres_2022;pred_bloc_souverainiste_autres_2022;actual_winner_2022;pred_winner_2022
69001;Affoux;30.0;31.814184272669056;6.800000000000001;5.315559730391833;44.0;41.94195796855008;14.8;16.018942663050577;0.0;1.040792691859463;4.4;3.8685626734789995;bloc_droite_radicale;bloc_droite_radicale
69002;Aigueperse;36.60130718954248;33.722276883996386;9.803921568627452;7.425753323455431;37.25490196078432;41.51153764218778;9.803921568627452;13.055680697091685;1.96078431372549;1.2120639265180309;4.57516339869281;3.0726875267506846;bloc_droite_radicale;bloc_droite_radicale
69003;Albigny-sur-Saône;35.38135593220339;34.91917481594514;6.214689265536723;6.626634406754166;28.17796610169492;28.391505355141327;27.8954802259887;26.744555111662766;0.7768361581920904;1.0228670720267103;1.5536723163841808;2.295263238469896;bloc_centre;bloc_centre
69004;Alix;30.848329048843187;32.782651894004125;6.426735218508997;5.231897151394346;35.47557840616967;34.00853683467777;24.42159383033419;23.76929094171786;0.2570694087403599;0.9148449655750965;2.570694087403599;3.292778212630818;bloc_droite_radicale;bloc_droite_radicale
69005;Ambérieux;28.07017543859649;29.8103971039558;7.017543859649122;5.613306423513132;46.78362573099415;45.212698774200916;15.497076023391813;15.752950182260056;0.2923976608187134;0.92868755860638;2.3391812865497075;2.6819599574637274;bloc_droite_radicale;bloc_droite_radicale
69006;Amplepuis;29.47489459563051;28.69594476518511;4.791107704101188;5.624405576809674;36.48907627443465;35.70446170823086;25.067075507857417;25.77529725185375;1.2648524338827136;1.2883835939145403;2.9129934840935223;2.911507104006056;bloc_droite_radicale;bloc_droite_radicale
69007;Ampuis;31.600708800945064;32.64971451954686;6.0248080330773774;5.639334568841335;38.865918487891314;37.20828740596705;19.078558771411693;20.397633384716652;1.6538688718251624;1.1631505089712788;2.77613703484938;2.941879611956827;bloc_droite_radicale;bloc_droite_radicale
69008;Ancy;30.69544364508393;32.2494633372593;6.235011990407674;6.703668414591365;32.853717026378895;33.47750710609679;23.501199040767386;23.749551229568645;1.4388489208633095;0.8645746256396828;5.275779376498801;2.9552352868442235;bloc_droite_radicale;bloc_droite_radicale
69009;Anse;34.75922131147541;33.45538835272607;4.943647540983607;5.475662950232328;28.27868852459016;29.597633540915997;28.919057377049175;28.270818405519243;1.2295081967213115;0.9919918572301166;1.869877049180328;2.208504893376256;bloc_centre;bloc_centre
69010;L'Arbresle;29.121920404295643;30.38734143189437;4.3272267845862284;4.674253450904717;26.05811749842072;25.52083283138351;37.5868603916614;35.71146979000654;0.915982312065698;1.2242200794061635;1.9898926089703095;2.481882416404708;bloc_gauche;bloc_gauche
69012;Les Ardillats;30.20833333333333;30.208369906172816;3.90625;5.693393927400859;34.11458333333333;35.63801654333344;25.78125;24.53469327048311;2.083333333333333;1.0586134100803188;3.90625;2.8669129425294497;bloc_droite_radicale;bloc_droite_radicale
69013;Arnas;31.789568345323744;30.689620750759627;5.260791366906474;5.801008709737602;35.92625899280576;36.54228498912239;23.7410071942446;23.61366396715975;0.7194244604316548;0.9840778540285838;2.5629496402877696;2.36934372919204;bloc_droite_radicale;bloc_droite_radicale
69014;Aveize;31.818181818181817;31.357492403443675;4.075235109717868;5.804974564217055;32.13166144200627;32.80977747675582;25.705329153605017;24.525999004166906;1.09717868338558;1.0851289158819464;5.172413793103448;4.416627635534597;bloc_droite_radicale;bloc_droite_radicale
69016;Azolette;32.0;35.5801741905875;11.0;9.0653826329301;40.0;37.35558013972345;14.000000000000002;12.79269208718933;0.0;0.9120551556077777;3.0;4.29411579396185;bloc_droite_radicale;bloc_droite_radicale
69017;Bagnols;33.12883435582822;31.55157738424376;5.112474437627812;4.804137282778444;33.74233128834356;32.21044683076793;24.74437627811861;27.626113098430473;1.4314928425357871;1.1845268281537726;1.8404907975460123;2.623198575625605;bloc_droite_radicale;bloc_droite_radicale
69018;Beaujeu;32.48212461695608;32.05381735140704;5.413687436159346;6.42420495785306;38.30439223697651;35.90318922960774;19.816138917262517;21.3688243688084;1.0214504596527068;1.1531178170924503;2.96220633299285;3.096846275231306;bloc_droite_radicale;bloc_droite_radicale
69019;Belleville-en-Beaujolais;29.07813010787839;29.276547761141174;4.3478260869565215;5.362982384286058;36.38443935926773;34.668499692547236;26.65903890160183;26.92510096216797;1.0134030728996404;1.1581088955156253;2.517162471395881;2.6087603043419536;bloc_droite_radicale;bloc_droite_radicale
69020;Belmont-d'Azergues;30.35714285714285;31.518178602756;5.133928571428571;4.070242274936618;29.017857142857142;30.106762126809695;31.91964285714285;31.56136459383975;1.5625;1.147594671538809;2.008928571428572;1.5958577301191192;bloc_gauche;bloc_gauche
69021;Bessenay;28.52062588904694;30.875976536879023;6.330014224751067;5.2882121402358315;26.458036984352773;28.16678835469683;33.35704125177809;31.298486727085812;1.4935988620199143;1.1318667932905768;3.840682788051209;3.238669447811943;bloc_gauche;bloc_gauche
69022;Bibost;26.11275964391692;31.99684342798293;8.011869436201781;6.588554077937385;36.20178041543027;33.73623551685514;24.03560830860534;23.3542216164703;1.1869436201780417;0.9811056617640682;4.451038575667656;3.343039698990174;bloc_droite_radicale;bloc_droite_radicale
69023;Blacé;32.28426395939086;34.78091622247033;6.49746192893401;7.046271736205732;36.751269035533;37.8671870533816;21.11675126903553;16.3937621519646;0.7106598984771574;0.8366426909428345;2.639593908629441;3.075220145034914;bloc_droite_radicale;bloc_droite_radicale
69024;Val d'Oingt;32.95107033639144;34.73410420893786;7.033639143730887;5.835761491174004;28.78440366972477;29.615267436555015;27.90519877675841;26.325284616514576;1.1850152905198776;1.0609038153766428;2.140672782874617;2.4286784314419116;bloc_centre;bloc_centre
69026;Le Breuil;33.21917808219178;35.76557977499436;4.452054794520548;7.063191901299895;38.35616438356164;35.74430008506057;19.17808219178082;17.6687616470855;0.3424657534246575;0.8283134489717878;4.452054794520548;2.929853142587872;bloc_droite_radicale;bloc_centre
69027;Brignais;35.786728484497246;35.34870650040948;5.404230657780353;6.057078140163079;24.83338162851347;25.976554476503626;30.8316430020284;29.415293251793116;0.9707331208345408;1.0573168608286005;2.1732831063459868;2.145050770302082;bloc_centre;bloc_centre
69028;Brindas;38.86101354741596;37.83674823932975;7.425990968389362;6.818565432674159;27.270446562970395;28.01670393968226;23.607626693426997;24.292338362700978;0.5017561465127948;0.8414061404988354;2.333166081284496;2.194237885114032;bloc_centre;bloc_centre
69029;Bron;28.895083328390964;30.761030604353024;4.857363145720894;4.812485484645174;21.932269734891168;24.678540443406735;41.646402941699776;36.823454698198724;1.1031374177095072;1.1666455898197325;1.5657434315876877;1.7578431795766063;bloc_gauche;bloc_gauche
69030;Brullioles;33.78640776699029;31.119755307791475;5.436893203883495;7.00918067592538;33.398058252427184;33.911831188869925;21.553398058252423;23.21212721694382;1.3592233009708738;1.0122652351274788;4.466019417475728;3.734840375341915;bloc_centre;bloc_droite_radicale
69031;Brussieu;31.003811944091485;30.278789155852316;5.209656925031767;5.160564162406811;35.45108005082592;34.81619865299758;22.61753494282084;24.167566594757083;1.6518424396442184;1.0317797101960935;4.066073697585769;4.545101723790104;bloc_droite_radicale;bloc_droite_radicale
69032;Bully;32.09013209013209;32.870783394745864;5.128205128205128;6.264584454706926;34.34343434343434;34.20553033475855;23.543123543123546;23.108333000287796;0.9324009324009324;0.9895783796965849;3.962703962703962;2.56119043580429;bloc_droite_radicale;bloc_droite_radicale
69033;Cailloux-sur-Fontaines;43.82716049382716;40.96464357805074;7.182940516273851;7.807438682321109;27.104377104377104;28.461122456390836;18.85521885521885;20.013542270837238;0.5050505050505051;0.6947691456197163;2.525252525252525;2.0584838667803593;bloc_centre;bloc_centre
69034;Caluire-et-Cuire;38.51200686106346;38.425462992668514;7.126929674099486;7.245630065146878;20.471698113207548;21.99232711640782;31.367924528301888;29.809229584675446;0.9562607204116638;0.9939817097445165;1.5651801029159518;1.533368531356822;bloc_centre;bloc_centre
69035;Cenves;31.226765799256505;34.54231812546134;4.83271375464684;5.887321172946765;27.137546468401485;26.577186576266314;30.48327137546468;29.302727579543884;1.486988847583643;1.1508355458132427;4.83271375464684;2.539610999968457;bloc_centre;bloc_centre
69036;Cercié;31.875;28.626068329153263;4.375;4.714003204280223;41.5625;39.598140725074025;18.75;22.86991451757033;1.5625;1.128112557545998;1.875;3.063760666376173;bloc_droite_radicale;bloc_droite_radicale
69037;Chambost-Allières;23.65145228215768;27.97989128817504;7.883817427385892;5.533556155009077;39.41908713692946;36.31667292245121;24.896265560165972;25.391710258096683;1.867219917012448;1.1904414067229645;2.282157676348548;3.587727969545024;bloc_droite_radicale;bloc_droite_radicale
69038;Chambost-Longessaigne;28.90070921985816;27.959970027352064;4.964539007092199;5.939957991835891;29.25531914893617;32.20687045466331;32.801418439716315;29.036270933595826;1.4184397163120568;1.2012778523894323;2.6595744680851063;3.655652740163472;bloc_gauche;bloc_droite_radicale
69039;Chamelet;29.812206572769952;30.44767132881721;6.807511737089202;5.981330561589038;30.985915492957744;32.38060862975043;28.638497652582164;27.892252648740484;1.8779342723004693;1.185421164314911;1.8779342723004693;2.112715666787943;bloc_droite_radicale;bloc_droite_radicale
69040;Champagne-au-Mont-d'Or;37.55824790307549;38.91421058472531;7.145076110593351;7.9453733249279;27.36874805840323;26.090840667732095;25.66014290152221;24.102975231314137;0.7766387076731904;0.9038074289335128;1.4911463187325256;2.042792762367048;bloc_centre;bloc_centre
69042;La Chapelle-sur-Coise;30.727762803234505;31.57610932160991;4.851752021563343;5.850272835843691;33.42318059299191;35.45632299826611;25.60646900269542;21.971740725602384;0.5390835579514826;0.8646303854820606;4.851752021563343;4.280923733195839;bloc_droite_radicale;bloc_droite_radicale
69043;Chaponost;39.903243146389535;40.103593532909315;7.54345099444544;7.285725087493505;24.17129546676223;24.690673266316583;26.19602221824046;25.254804077958486;0.5196201397598996;0.8142641373137511;1.6663680344024367;1.850939898008353;bloc_centre;bloc_centre
69044;Charbonnières-les-Bains;46.17921935129192;46.39080093130421;11.65475536008796;10.83317856177576;23.969213853765805;24.08594778545045;15.94282572842221;16.685130540217536;0.4947773501924134;0.5387494863703568;1.7592083562396923;1.4661926948816808;bloc_centre;bloc_centre
69045;Charentay;29.29848693259973;31.64450905187665;5.226960110041266;5.391729057552811;38.10178817056397;37.629074036741535;22.696011004126547;21.81482854996773;1.3755158184319118;0.985025236968168;3.3012379642365883;2.5348340668931093;bloc_droite_radicale;bloc_droite_radicale
69046;Charly;43.06501547987616;42.28304217978653;8.173374613003096;7.651799172912324;25.26315789473684;25.600935379602685;21.26934984520124;21.896746805456615;0.6191950464396285;0.7354124495467983;1.609907120743034;1.8320640126950474;bloc_centre;bloc_centre
69047;Charnay;39.59044368600683;38.97318955870338;4.948805460750854;7.336208794058847;27.474402730375424;24.71344690534169;24.914675767918087;26.167914794582554;1.023890784982935;0.926003307711975;2.04778156996587;1.8832366396015605;bloc_centre;bloc_centre
69049;Chasselay;38.646288209606986;40.15674077427745;7.914847161572053;8.356273686281005;28.76637554585153;26.117215592181026;22.161572052401745;22.50741300508891;0.8187772925764192;0.7796889422786322;1.6921397379912666;2.0826679998929607;bloc_centre;bloc_centre
69050;Châtillon;33.502170767004344;34.09904686703271;5.354558610709118;6.044803451421913;27.20694645441389;28.0794085670924;31.04196816208394;28.35068884248656;1.1577424023154848;1.030732644600127;1.7366136034732274;2.3953196273662796;bloc_centre;bloc_centre
69051;Chaussan;30.79019073569482;33.432727775765244;5.994550408719346;5.297742505441728;27.24795640326976;26.987644369100867;29.70027247956403;30.70773502350882;2.316076294277929;1.0409491395940462;3.9509536784741135;2.5332011865892983;bloc_centre;bloc_centre
69052;Chazay-d'Azergues;40.41862143630458;39.42830630498304;6.459761818837964;7.036836790216802;26.88560086611332;26.57074550210129;23.962468422952004;23.982868694430667;0.5413208228076507;0.8686108200288895;1.732226632984482;2.1126318882393176;bloc_centre;bloc_centre
69053;Chénas;36.57142857142857;33.79563650629302;5.428571428571429;5.68363031629169;34.0;31.724795844545255;20.57142857142857;25.48244483271736;1.7142857142857144;1.145268213402082;1.7142857142857144;2.1682242867505837;bloc_centre;bloc_centre
69054;Chénelette;28.270042194092827;31.379830515000034;9.282700421940929;7.075858752804944;41.35021097046413;43.033757537793264;16.455696202531644;14.5408334807479;0.8438818565400843;1.0470693611105035;3.79746835443038;2.922650352543348;bloc_droite_radicale;bloc_droite_radicale
69055;Les Chères;36.525612472160354;35.6347678108576;4.89977728285078;6.639795610353036;35.07795100222717;34.711023954141176;21.158129175946545;19.786432884414136;0.4454342984409799;0.8111279135984589;1.893095768374165;2.4168518266355923;bloc_centre;bloc_centre
69056;Chessy;34.361968306922435;32.5026598023528;4.587155963302752;5.299516248579394;31.859883236030026;30.941069778671388;25.521267723102586;27.402406496531334;0.8340283569641368;1.0216753060207173;2.835696413678065;2.8326723678443564;bloc_centre;bloc_centre
69057;Chevinay;34.34903047091413;33.009929202790445;4.709141274238228;6.0792617881420705;27.97783933518005;27.783095562245926;31.301939058171747;29.63607014352425;0.554016620498615;0.9639495202522368;1.10803324099723;2.527693783045066;bloc_centre;bloc_centre
69058;Chiroubles;40.51094890510949;31.139118240710822;5.474452554744526;6.108653788393731;26.277372262773724;32.8548355800795;25.18248175182482;25.2357748870221;0.364963503649635;1.1176820292375864;2.18978102189781;3.543935474556266;bloc_centre;bloc_droite_radicale
69059;Civrieux-d'Azergues;36.7827868852459;35.766219636118386;6.045081967213115;7.103842637936425;29.81557377049181;30.478401914086874;23.770491803278688;23.0992336452675;0.6147540983606558;0.9471699378721052;2.971311475409836;2.6051322287187095;bloc_centre;bloc_centre
69060;Claveisolles;32.25806451612903;31.725912259465733;9.13978494623656;6.02498572938838;37.36559139784946;42.15674201429487;17.20430107526882;15.592169198058576;0.8064516129032258;1.0448446429974536;3.225806451612903;3.4553461557950005;bloc_droite_radicale;bloc_droite_radicale
69061;Cogny;31.55149934810952;34.97089061124578;7.822685788787484;6.701817149785216;31.681877444589308;33.65648414507988;25.293350717079537;21.498045924598948;0.651890482398957;0.9098833157264683;2.9986962190352022;2.2628788535637154;bloc_droite_radicale;bloc_centre
69062;Coise;30.970149253731343;35.38531211192183;8.208955223880597;6.857832647869547;30.78358208955224;31.29673697133694;24.44029850746269;20.94690153431347;0.9328358208955224;1.010527223057817;4.664179104477612;4.502689511500394;bloc_centre;bloc_centre
69063;Collonges-au-Mont-d'Or;43.28628302569671;44.65474382999052;8.794788273615636;9.997807471998751;25.117625769091568;23.657203641477974;20.55736518277235;19.49579696566865;0.4705030763662686;0.6063292187759636;1.773434672457474;1.5881188720881412;bloc_centre;bloc_centre
69064;Condrieu;31.758034026465022;31.34138238104939;5.293005671077505;4.832165113142035;27.07939508506616;26.864556161389025;32.32514177693761;33.57155641648741;1.559546313799622;1.2471139689333404;1.984877126654064;2.1432259589988165;bloc_gauche;bloc_gauche
69065;Corcelles-en-Beaujolais;30.44280442804428;29.26355632212162;3.690036900369003;4.974983031586585;42.066420664206646;44.86251607652529;20.11070110701107;16.377801534303522;1.4760147601476017;1.0398847353197038;2.214022140221402;3.481258300143269;bloc_droite_radicale;bloc_droite_radicale
69066;Cours;27.492447129909365;29.423478682117004;7.293914544669831;5.637419346150304;41.56236512731981;37.27999997370732;18.81743634009495;23.301108720034858;1.5537332757876563;1.2609359260625648;3.2801035822183864;3.097057351927953;bloc_droite_radicale;bloc_droite_radicale
69067;Courzieu;31.732168850072775;31.690913014868944;7.423580786026202;6.572712197888627;32.314410480349345;35.71626114283492;22.707423580786028;21.557987056012045;2.037845705967977;1.1281430761863511;3.7845705967976713;3.3339835122091057;bloc_droite_radicale;bloc_droite_radicale
69068;Couzon-au-Mont-d'Or;35.68493150684932;34.388466554472615;5.0;6.197481899868232;22.054794520547947;23.143629849626667;32.26027397260274;33.71503985301017;2.054794520547945;1.053078753563189;2.945205479452055;1.5023030894591394;bloc_centre;bloc_centre
69069;Craponne;39.3048128342246;37.11225865084999;6.283422459893048;6.833657445240242;26.44087938205585;26.97530408252204;24.53951277480689;25.779304682457028;0.8615567439096851;0.9964056196565244;2.569815805109923;2.303069519274182;bloc_centre;bloc_centre
69070;Cublize;24.96551724137931;27.826324430856708;6.896551724137931;4.851106673350014;38.89655172413793;39.89394457388257;23.310344827586206;23.15413938757356;0.6896551724137931;1.1244615475369384;5.241379310344827;3.1500233868002208;bloc_droite_radicale;bloc_droite_radicale
69071;Curis-au-Mont-d'Or;36.61784287616511;37.932631896660425;8.255659121171771;7.011302953227261;20.63914780292943;24.570639708982487;32.35685752330226;27.532540507936197;1.0652463382157125;0.8588191916329514;1.0652463382157125;2.0940657415606694;bloc_centre;bloc_centre
69072;Dardilly;42.197599261311176;42.11498777178676;8.457987072945523;8.4922834306156;26.057248384118196;25.150612296238357;21.181902123730374;21.80586599898527;0.4801477377654662;0.6722303158481887;1.6251154201292706;1.764020186525824;bloc_centre;bloc_centre
69074;Denicé;38.29568788501027;36.31592931062021;5.749486652977413;6.94011002247349;32.340862422997944;30.415135829513986;20.841889117043124;23.171377709682687;1.026694045174538;0.8221544277328691;1.7453798767967144;2.335292699976763;bloc_centre;bloc_centre
69075;Dième;27.77777777777778;29.73861165395069;1.851851851851852;5.37131636542087;46.2962962962963;42.77465239636948;18.51851851851852;16.910689302976284;0.9259259259259258;0.8873720467605076;4.62962962962963;4.317358234522168;bloc_droite_radicale;bloc_droite_radicale
69076;Dommartin;40.01027221366205;42.29379343930873;8.988186954288649;8.993960704906732;31.53569594247561;28.611510415336394;17.103235747303543;17.610591306996177;0.667693888032871;0.5831691577536156;1.694915254237288;1.9069749756983474;bloc_centre;bloc_centre
69077;Dracé;24.04870624048706;25.41127105765979;4.5662100456621;4.776972173901008;48.85844748858448;47.52477549057883;17.04718417047184;18.107008387929653;1.67427701674277;0.975450615090284;3.8051750380517504;3.2045222748404436;bloc_droite_radicale;bloc_droite_radicale
69078;Duerne;32.1285140562249;31.70827246954258;4.216867469879518;6.2745670353652025;34.738955823293175;35.73045189184506;24.09638554216868;20.824286991737353;0.8032128514056224;1.0043914527332516;4.016064257028113;4.458030158776529;bloc_droite_radicale;bloc_droite_radicale
69080;Échalas;30.952380952380956;29.585139239894204;3.9377289377289375;4.463567131526542;40.75091575091575;37.71014605752891;20.6043956043956;24.454166877072232;0.7326007326007326;1.050646276582859;3.021978021978022;2.7363344173952635;bloc_droite_radicale;bloc_droite_radicale
69081;Écully;41.25593667546174;42.252582598437705;10.226912928759894;9.699960929297625;25.836411609498683;24.13320336277406;20.48548812664908;21.60863334383004;0.6226912928759895;0.7244269788605809;1.5725593667546174;1.5811927867999893;bloc_centre;bloc_centre
69082;Émeringes;37.95180722891566;35.76450948967803;15.66265060240964;9.161522105138522;30.120481927710845;33.50935293309515;12.650602409638552;18.082280269470914;0.6024096385542169;0.7611528531383769;3.0120481927710845;2.7211823494790113;bloc_centre;bloc_centre
69083;Éveux;38.46153846153847;36.390403236457914;6.49867374005305;5.863980698446855;24.80106100795756;27.150280061639975;28.647214854111407;27.116275329172197;0.7957559681697612;1.0253486694268898;0.7957559681697612;2.4537120048561767;bloc_centre;bloc_centre
69084;Fleurie;36.56330749354005;34.894433614585715;5.943152454780361;6.928510389734743;38.75968992248063;37.975089446675064;15.63307493540052;16.175384617723136;1.421188630490956;1.0556925574602753;1.6795865633074936;2.970889373821069;bloc_droite_radicale;bloc_droite_radicale
69085;Fleurieu-sur-Saône;41.16305587229191;38.97931548658916;7.639680729760548;7.724206192390806;24.401368301026224;25.48854491845512;23.48916761687571;25.260940564016742;0.9122006841505133;0.8556611194555394;2.394526795895097;1.69133171909263;bloc_centre;bloc_centre
69086;Fleurieux-sur-l'Arbresle;40.15151515151515;36.08374342697718;5.113636363636364;6.042172215715416;27.08333333333333;28.700252595538007;24.684343434343432;26.11890459808302;0.8838383838383838;0.8765683850399808;2.083333333333333;2.178358778646389;bloc_centre;bloc_centre
69087;Fontaines-Saint-Martin;41.83142559833507;41.0962088840733;7.700312174817898;7.592469287512009;21.071800208116542;23.024626059551846;27.7315296566077;25.941687804848396;0.5202913631633715;0.7436298462156121;1.1446409989594173;1.6013781177988327;bloc_centre;bloc_centre
69088;Fontaines-sur-Saône;35.9765832889835;35.35116805481162;5.534858967535923;6.338391610858047;26.503459286854707;26.60355709876888;28.339542309739223;28.452715328162565;1.2772751463544438;1.0327522255371864;2.368281000532198;2.2214156818617004;bloc_centre;bloc_centre
69089;Francheville;39.242536392795465;38.79627037939407;6.723414754502838;6.428285587465417;22.662225511966444;23.3811476341325;28.48507278559092;28.833402176571127;0.925240562546262;0.9410753447258329;1.9615099925980757;1.6198188777110527;bloc_centre;bloc_centre
69090;Frontenas;34.44444444444444;32.59790354190639;7.037037037037037;5.712831670008427;31.29629629629629;32.90162102337838;23.703703703703702;25.472121822554616;0.9259259259259258;1.0645437193921725;2.592592592592593;2.25097822276;bloc_centre;bloc_droite_radicale
69091;Givors;17.948012653005087;20.25264986705827;2.26928895612708;1.8598909700819628;25.86989409984871;26.56010797634614;51.29968367487279;48.323179522970925;1.2377939760693164;1.4105649360836894;1.3753266400770183;1.5936067274590293;bloc_gauche;bloc_gauche
69092;Gleizé;29.807692307692307;32.24457920789176;6.558185404339251;6.013953007782117;31.45956607495069;30.193469970367833;28.574950690335303;28.25089871814393;1.1341222879684418;1.0836891641749407;2.465483234714004;2.213409931639407;bloc_droite_radicale;bloc_centre
69093;Grandris;30.130293159609124;30.04736592172701;6.840390879478828;6.148465888598783;32.08469055374593;30.99364559955202;27.36156351791531;27.851990416029643;0.9771986970684038;1.3203462441645504;2.6058631921824107;3.6381859299279977;bloc_droite_radicale;bloc_droite_radicale
69094;Grézieu-la-Varenne;35.64722617354196;37.17498439460572;6.258890469416785;6.8028524807381165;30.58321479374111;28.342775752211118;24.779516358463727;24.38061441281045;0.7681365576102418;0.9266828914401171;1.9630156472261733;2.372090068194474;bloc_centre;bloc_centre
69095;Grézieu-le-Marché;32.71028037383177;31.78735240620194;7.476635514018691;5.999423450739791;31.77570093457944;32.65158338411977;22.429906542056077;24.040084825492404;1.4953271028037385;0.9571547269315819;4.112149532710281;4.564401206514508;bloc_centre;bloc_droite_radicale
69096;Grigny-sur-Rhône;23.575498575498575;23.678209122397266;3.3950617283950617;2.6138209710241074;28.39506172839506;29.3452511358326;41.2630579297246;40.88285742466543;1.2345679012345678;1.3702178929034796;2.1367521367521367;2.10964345317711;bloc_gauche;bloc_gauche
69097;Les Haies;25.730994152046783;27.98852146329559;3.7037037037037033;2.9412944426455647;41.13060428849902;39.168215978337955;27.09551656920078;27.00929539234016;1.5594541910331383;1.2164026911117443;0.7797270955165692;1.676270032268985;bloc_droite_radicale;bloc_droite_radicale
69098;Les Halles;19.434628975265017;21.999646301838624;4.240282685512367;4.2318454315405925;50.53003533568905;42.528491809235206;22.968197879858657;26.25447405980793;1.060070671378092;1.128983246217316;1.76678445229682;3.856559151360333;bloc_droite_radicale;bloc_droite_radicale
69099;Haute-Rivoire;26.47058823529412;28.253223679507805;4.987212276214834;4.633148297712771;39.514066496163686;38.575408669480474;23.27365728900256;23.22603913244983;1.0230179028132993;1.2079350413898289;4.731457800511509;4.104245179459285;bloc_droite_radicale;bloc_droite_radicale
69100;Irigny;32.72942103190232;31.607894758292904;5.021662071681765;4.8625235473652255;28.88932650649862;29.21627474157038;30.38597873178417;31.00138006680127;1.1027963765261914;1.1053212676340418;1.870815281606932;2.206605618336181;bloc_centre;bloc_centre
69102;Joux;28.322440087145967;28.33356519230036;4.357298474945534;4.526725244213681;37.25490196078432;35.00973304710682;26.797385620915037;28.169745837443404;0.8714596949891068;1.1832126494700788;2.396514161220044;2.777018029465653;bloc_droite_radicale;bloc_droite_radicale
69103;Juliénas;40.70796460176992;36.86460288185367;6.1946902654867255;6.435598721100598;29.38053097345133;30.585799140440624;21.061946902654867;22.91606383114127;0.8849557522123894;1.096147523662039;1.7699115044247788;2.101787901801805;bloc_centre;bloc_centre
69104;Jullié;31.4176245210728;27.37691840933025;7.2796934865900385;5.596740271932867;36.015325670498086;36.37406312268419;19.923371647509576;25.999257990381867;1.9157088122605364;1.3988025841896004;3.4482758620689653;3.2542176214812195;bloc_droite_radicale;bloc_droite_radicale
69105;Lacenas;39.23865300146413;35.467696259696176;7.027818448023426;6.306543615603072;27.96486090775988;32.755918066165044;22.25475841874085;22.00899214686775;1.3177159590043923;0.8955044742366987;2.1961932650073206;2.565345437431269;bloc_centre;bloc_centre
69106;Lachassagne;35.236938031591734;37.827488949891055;7.047387606318348;6.809636205215157;33.53584447144593;32.677703249266074;21.628189550425272;19.914622221429216;0.7290400972053462;0.7597822400004495;1.8226002430133657;2.0107671341980295;bloc_centre;bloc_centre
69107;Lamure-sur-Azergues;26.567656765676567;29.836106742402695;6.6006600660066;5.5309501940315755;39.76897689768977;34.570442933137315;22.607260726072607;25.612704672858914;1.32013201320132;1.209355816819806;3.1353135313531357;3.240439640749716;bloc_droite_radicale;bloc_droite_radicale
69108;Lancié;32.414910858995135;29.68146712377312;4.376012965964344;5.142015594100146;34.84602917341977;36.92505607746265;23.9870340356564;24.131792385871755;0.6482982171799028;1.0780635414181177;3.727714748784441;3.0416052773741997;bloc_droite_radicale;bloc_droite_radicale
69109;Lantignié;35.64899451553931;33.63186437861194;6.215722120658136;6.087508280079463;34.36928702010969;34.832596605890814;20.6581352833638;21.66713677639365;0.9140767824497258;1.004584847475357;2.1937842778793417;2.7763091115487746;bloc_centre;bloc_droite_radicale
69110;Larajasse;30.28169014084507;31.841718570199827;6.602112676056338;6.82967001930363;31.073943661971832;34.383283535163336;21.566901408450704;19.79285641079012;1.1443661971830987;1.0416036638288846;9.330985915492958;6.110867800714221;bloc_droite_radicale;bloc_droite_radicale
69111;Légny;30.455635491606717;32.888616125519285;3.8369304556354913;5.5689500266360525;34.2925659472422;28.677853371305144;28.05755395683453;29.107409962460363;1.1990407673860912;1.0446704587819444;2.158273381294964;2.7125000552972063;bloc_droite_radicale;bloc_centre
69112;Lentilly;37.93849111004325;37.410905007974165;6.535319557904853;6.887584276133755;26.98222008649688;27.519001758673063;25.73282075925036;25.103683752349244;0.8169149447381067;0.8704296971180306;1.9942335415665544;2.208395507751741;bloc_centre;bloc_centre
69113;Létra;35.188866799204774;31.653493849448132;4.174950298210735;5.71557294022008;27.037773359840955;29.80064709922917;29.02584493041749;28.37401502096127;1.7892644135188869;1.2274720431222896;2.783300198807157;3.2287990470190757;bloc_centre;bloc_centre
69115;Limas;32.973576479345;33.76327502798548;5.619650167473019;6.145321824520096;31.48492742835877;31.915087896476386;26.832899144026797;25.005233629256896;0.744324525493115;0.9187175377338933;2.344622255303312;2.252364084027271;bloc_centre;bloc_centre
69116;Limonest;41.19718309859155;42.38891655407948;9.066901408450704;10.129660566172854;32.438380281690144;27.955730791696464;14.788732394366196;16.924178228633536;0.8362676056338028;0.6398829339048892;1.6725352112676055;1.9616309255127873;bloc_centre;bloc_centre
69117;Lissieu;41.22722914669224;41.814721584500205;8.820709491850431;8.376274406808946;28.187919463087248;28.29606548237708;18.40843720038351;18.871937978332312;1.0546500479386385;0.6682190841772566;2.3010546500479387;1.9727814638042056;bloc_centre;bloc_centre
69118;Loire-sur-Rhône;27.102199223803364;29.97873102786913;5.433376455368694;4.982770422021387;41.84993531694696;36.8263021247316;21.28072445019405;24.28281399204783;1.29366106080207;1.1041427600912543;3.0401034928848643;2.825239673238784;bloc_droite_radicale;bloc_droite_radicale
69119;Longes;23.75886524822695;26.256588514782525;6.028368794326241;3.374401415268348;39.00709219858156;41.30918396935594;25.354609929078016;24.38893478176205;0.5319148936170213;1.2593238369354944;5.319148936170213;3.4115674818956228;bloc_droite_radicale;bloc_droite_radicale
69120;Longessaigne;32.758620689655174;33.14929678465847;6.609195402298851;5.827608686907196;26.436781609195403;32.47636621797238;27.58620689655172;23.862917471053894;1.1494252873563218;1.0350233387391465;5.459770114942529;3.648787500668916;bloc_centre;bloc_centre
69121;Lozanne;32.122587968217935;35.23469259754891;6.242905788876277;6.515169634563887;33.314415437003404;30.72294159098024;24.914869466515324;24.016159450569617;0.9080590238365494;0.964473095194517;2.4971623155505105;2.5465636311428206;bloc_droite_radicale;bloc_centre
69122;Lucenay;37.08708708708709;38.31993760046447;7.132132132132132;7.712582262218473;33.78378378378378;33.68705283993431;18.393393393393392;17.059605128926318;0.5255255255255256;0.7144298474754576;3.078078078078078;2.506392320980958;bloc_centre;bloc_centre
69123;Lyon;33.27886618013106;34.248712873268;5.57342906006062;6.013598612644605;16.640703049596155;17.322952950773956;42.37981949641871;40.083775407516136;0.9482364495318082;1.1284673604501219;1.1789457642616454;1.2024927953471916;bloc_gauche;bloc_gauche
69124;Marchampt;31.64983164983165;28.97468455500793;7.4074074074074066;4.74086747879245;29.29292929292929;35.36021942057094;25.252525252525253;26.7984332620815;2.0202020202020203;1.3322551534815616;4.377104377104377;2.7935401300656273;bloc_centre;bloc_droite_radicale
69125;Marcilly-d'Azergues;40.06069802731411;38.68756125875259;5.918057663125948;7.900954001055481;28.83156297420334;30.144040858056826;22.76176024279211;20.339057873183858;0.4552352048558422;0.8635755002717307;1.9726858877086493;2.064810508679517;bloc_centre;bloc_centre
69126;Marcy;41.01633393829401;41.77237587507412;9.618874773139746;8.573819558859745;27.40471869328493;31.018099302271256;19.056261343012704;16.077266360627867;0.7259528130671506;0.6270153040555887;2.177858439201452;1.931423599111424;bloc_centre;bloc_centre
69127;Marcy-l'Étoile;39.329268292682926;38.13887566620646;6.758130081300813;7.118796585646864;23.6280487804878;26.165534143967566;27.28658536585366;26.014571352113165;0.6097560975609756;0.8057906760853242;2.388211382113821;1.756431575980621;bloc_centre;bloc_centre
69130;Meaux-la-Montagne;32.70440251572327;31.546562172948573;4.40251572327044;5.214102542778;36.477987421383645;34.45558148234698;20.12578616352201;23.921563937743944;1.8867924528301887;1.389059561175317;4.40251572327044;3.473130303007182;bloc_droite_radicale;bloc_droite_radicale
69131;Messimy;34.56900401965163;35.390555416146626;5.850826261723984;6.388336221495592;34.1223760607414;32.93470265606883;21.25949084412684;21.44290671869835;1.116569897275569;0.9615108901686086;3.081732916480572;2.8819880974219987;bloc_centre;bloc_centre
69132;Meys;24.444444444444443;29.420772374768273;6.4646464646464645;6.2460704618794995;41.41414141414141;40.16628624540176;20.60606060606061;19.091529794683915;1.2121212121212122;0.9778720036976264;5.858585858585859;4.097469119568924;bloc_droite_radicale;bloc_droite_radicale
69133;Millery;41.96493791088386;38.97887882989664;6.829802775748722;6.783276137809388;25.31044558071585;27.06732495289182;23.447772096420746;24.403083764992015;0.6574141709276844;0.8653032335149863;1.789627465303141;1.9021330808951582;bloc_centre;bloc_centre
69134;Moiré;30.81761006289308;39.74612554160635;8.80503144654088;7.252723040145957;31.446540880503143;27.588266259710693;25.15723270440252;21.15467627368264;1.257861635220126;0.9809580684084211;2.515723270440252;3.2772508164459446;bloc_droite_radicale;bloc_centre
69135;Deux-Grosnes;32.855778414517665;27.814005537731955;4.871060171919771;4.222073562447578;35.148042024832854;39.39308899830395;22.636103151862464;24.263245037464078;1.241642788920726;1.410262413278743;3.2473734479465137;2.897324450773712;bloc_droite_radicale;bloc_droite_radicale
69136;Montagny;35.75357535753575;33.27727811093972;5.225522552255225;5.7197705922307325;34.81848184818482;35.034156453390246;21.3971397139714;22.482357499001132;0.5500550055005501;0.9268784460037356;2.255225522552255;2.55955889843443;bloc_centre;bloc_droite_radicale
69137;Montmelas-Saint-Sorlin;27.526132404181187;31.93801318290017;8.362369337979095;5.908820379434395;23.693379790940767;30.232479230604937;35.54006968641115;27.719066444009748;1.3937282229965158;1.0271488205368338;3.484320557491289;3.1744719425139136;bloc_gauche;bloc_centre
69138;Montromant;33.33333333333333;31.209258159272906;5.263157894736842;5.589161871927336;23.50877192982456;26.506679607257322;33.68421052631579;32.33771676677605;0.7017543859649122;1.0571259810264526;3.508771929824561;3.30005761373994;bloc_gauche;bloc_gauche
69139;Montrottier;31.365740740740737;29.23740715457849;5.439814814814815;4.9273794456243225;33.101851851851855;36.2637536325024;24.88425925925926;24.852080768268273;1.9675925925925928;1.3262875331237982;3.2407407407407405;3.3930914659027387;bloc_droite_radicale;bloc_droite_radicale
69140;Morancé;39.05835543766578;38.95884198785616;6.56498673740053;6.977716326180963;29.376657824933687;30.77422351350194;22.3474801061008;20.055186921309275;0.4641909814323607;0.797289674107843;2.188328912466844;2.4367415770438177;bloc_centre;bloc_centre
69141;Mornant;33.8780804150454;33.72240953927759;6.433203631647211;5.588509878431104;28.19714656290532;27.41686385480363;27.93774319066148;29.979865739356367;1.4526588845654993;1.0692424420046343;2.101167315175098;2.2231085461266753;bloc_centre;bloc_centre
69142;La Mulatière;32.8125;32.359313825859964;6.701388888888888;5.728232268322332;25.0;25.643457002015207;32.29166666666667;33.07894261940994;1.5277777777777777;1.2414701286653995;1.6666666666666667;1.9485841557271497;bloc_centre;bloc_gauche
69143;Neuville-sur-Saône;32.10332103321033;32.02175851319981;4.717975751186083;5.298733247196008;25.32946758039009;25.702567762894653;34.47548761201898;33.60699255600548;1.4760147601476017;1.220806343529025;1.8977332630469164;2.149141577175012;bloc_gauche;bloc_gauche
69145;Odenas;36.43564356435643;33.680747725997776;6.534653465346535;6.335385329497929;30.69306930693069;35.43439570876452;21.584158415841586;20.611154228311285;0.594059405940594;1.111572398720181;4.158415841584159;2.8267446087083004;bloc_centre;bloc_droite_radicale
69148;Orliénas;37.12029161603888;36.4106125438522;7.047387606318348;6.110082400518233;29.82989064398542;28.226979582591294;24.11907654921021;26.19661856733872;0.3645200486026731;0.927998263604146;1.5188335358444711;2.1277086420953895;bloc_centre;bloc_centre
69149;Oullins-Pierre-Bénite;30.038729666924866;30.738465650303155;4.856700232378001;4.7383701084562055;22.06816421378776;23.288071852094433;39.914794732765294;38.16441739349435;1.3090627420604182;1.296405374754165;1.812548412083656;1.7742696208977018;bloc_gauche;bloc_gauche
69151;Le Perréon;29.189789123196448;29.549917875579407;6.770255271920089;5.132043816998668;41.84239733629301;40.10371467744698;18.09100998890122;21.157958009454312;1.4428412874583796;1.105909193865593;2.6637069922308543;2.950456426655045;bloc_droite_radicale;bloc_droite_radicale
69152;Pierre-Bénite;22.21467391304348;26.709013056895266;4.053442028985507;2.9111953922293172;25.13586956521739;25.13853687349482;45.35778985507246;41.92334659189152;1.3360507246376812;1.3430910392758277;1.9021739130434785;1.9748170462132602;bloc_gauche;bloc_gauche
69153;Poleymieux-au-Mont-d'Or;39.47368421052632;42.87582095654041;7.479224376731302;7.742478642756997;26.869806094182824;24.990907865628426;23.26869806094183;22.087644057036428;0.969529085872576;0.7502532517659746;1.9390581717451525;1.5528952262717701;bloc_centre;bloc_centre
69154;Pollionnay;36.70886075949368;37.34501987220373;5.596269153897402;7.457125550698494;30.31312458361093;30.085943292767105;23.11792138574284;21.726933435161154;1.3324450366422385;0.8399796949251958;2.9313790806129245;2.5449981542443165;bloc_centre;bloc_centre
69155;Pomeys;33.909574468085104;36.923659114539554;8.111702127659575;6.195822694660843;28.324468085106385;27.918395848184762;23.404255319148938;24.056337935195607;1.196808510638298;0.9524417198817374;5.053191489361701;3.9533426875374915;bloc_centre;bloc_centre
69156;Pommiers;44.37125748502994;41.9712803647728;6.766467065868263;8.047571687526059;24.610778443113773;26.9075360603518;21.55688622754491;20.446138958316666;1.0179640718562877;0.738645675447901;1.6766467065868262;1.8888272535847672;bloc_centre;bloc_centre
69157;Vindry-sur-Turdine;35.563380281690144;32.35811806525638;6.081946222791293;5.735879038732356;33.80281690140845;34.53110646241602;20.646606914212548;23.36901640983513;1.056338028169014;1.0795380175607823;2.848911651728553;2.9263420061993397;bloc_centre;bloc_droite_radicale
69159;Pouilly-le-Monial;33.10593900481541;33.618281235571004;5.377207062600322;6.232831215445433;35.03210272873194;35.3214392047161;22.592295345104336;21.387200585277174;0.6821829855537721;0.947855397199388;3.210272873194221;2.4923923617909005;bloc_droite_radicale;bloc_droite_radicale
69160;Poule-les-Écharmeaux;32.6219512195122;32.065695539744524;5.0304878048780495;6.488891751338774;38.41463414634146;33.52254860709004;20.1219512195122;23.648364597483372;1.2195121951219512;1.158111648368917;2.591463414634146;3.116387855974381;bloc_droite_radicale;bloc_droite_radicale
69161;Propières;28.91156462585034;26.82644523235706;3.4013605442176877;5.934561902722128;43.87755102040816;44.35978540526196;18.367346938775512;17.978257189791787;2.380952380952381;1.2775140061529693;3.061224489795918;3.6234362637140944;bloc_droite_radicale;bloc_droite_radicale
69162;Quincié-en-Beaujolais;40.37037037037037;36.60413388742823;6.172839506172839;7.290541156745933;31.728395061728392;33.50361903819935;17.65432098765432;18.28139828332582;0.9876543209876544;1.005072002250896;3.08641975308642;3.315235632049765;bloc_centre;bloc_centre
69163;Quincieux;29.86144290492117;31.57034261821423;4.156712852365026;5.553656157786692;36.83707596751075;35.650566124166126;25.13139034878165;23.482423038972257;1.098901098901099;0.9917283685181497;2.9144768275203057;2.7512836923425557;bloc_droite_radicale;bloc_droite_radicale
69164;Ranchal;31.527093596059117;31.798307562356005;3.4482758620689653;6.385933819393287;35.467980295566505;33.99929806173612;25.615763546798032;23.626399924316274;0.9852216748768472;1.1090166592769342;2.955665024630542;3.0810439729213766;bloc_droite_radicale;bloc_droite_radicale
69165;Régnié-Durette;29.909365558912388;33.4704116693357;6.948640483383686;6.1464909816400795;33.53474320241692;34.84582999624723;26.435045317220546;22.18591680296726;1.5105740181268883;0.9280425516224716;1.6616314199395772;2.423307998187275;bloc_droite_radicale;bloc_droite_radicale
69166;Riverie;37.9746835443038;33.348784845347616;2.5316455696202533;4.455618295114134;22.15189873417721;25.194098023859464;34.810126582278485;33.53562975529799;1.2658227848101269;1.2123139490531103;1.2658227848101269;2.253555131327674;bloc_centre;bloc_gauche
69167;Rivolet;35.47557840616967;30.72549377056698;4.370179948586118;5.759053609345075;29.30591259640103;33.57553121702904;27.76349614395887;25.806912270065467;0.7712082262210797;1.076498869977579;2.313624678663239;3.0565102630158427;bloc_centre;bloc_droite_radicale
69168;Rochetaillée-sur-Saône;39.08188585607941;38.60160482195918;5.831265508684864;7.136947617608598;24.81389578163772;26.012636065832883;27.667493796526056;26.06961948154658;1.1166253101736971;0.8068014332050554;1.488833746898263;1.3723905798477067;bloc_centre;bloc_centre
69169;Ronno;32.95711060948081;32.077980000554525;4.966139954853273;6.330250532297783;40.85778781038375;40.46410971892108;15.80135440180587;16.692906096966976;0.6772009029345373;1.0550234964655005;4.740406320541761;3.3797301547941583;bloc_droite_radicale;bloc_droite_radicale
69170;Rontalon;29.34472934472934;33.28559219884214;6.837606837606838;5.41391077965497;32.33618233618233;35.95240944835123;26.21082621082621;21.827592855304133;0.9971509971509972;0.9662939326600444;4.273504273504273;2.554200785187496;bloc_droite_radicale;bloc_droite_radicale
69171;Sain-Bel;28.144171779141104;29.478254543189212;4.447852760736196;4.250075221911874;30.13803680981595;27.940720624484584;33.895705521472394;34.12291399958594;1.0736196319018405;1.2562977448522346;2.3006134969325154;2.9517378659761646;bloc_gauche;bloc_gauche
69172;Salles-Arbuissonnas-en-Beaujolais;33.2657200811359;31.67973814435991;6.490872210953347;6.074968307516726;34.88843813387424;36.591260190336335;21.095334685598377;20.833119964710846;0.8113590263691683;1.1519909006801623;3.4482758620689653;3.6689224923960246;bloc_droite_radicale;bloc_droite_radicale
69173;Sarcey;36.57331136738056;34.31010347897019;7.084019769357496;6.836118223690065;30.64250411861614;33.67372792923564;22.24052718286656;20.988874813597366;0.4942339373970346;0.9334211665680641;2.9654036243822075;3.257754387938671;bloc_centre;bloc_centre
69174;Les Sauvages;42.66666666666667;33.1727061016391;7.733333333333333;5.713448391449739;31.466666666666665;34.90538165412941;16.8;21.62318771096068;0.5333333333333333;1.2046094430814334;0.8;3.3806666987396343;bloc_centre;bloc_droite_radicale
69175;Savigny;35.08095605242868;33.36434886995967;6.861989205859677;6.1370190998310825;30.68619892058597;32.752222295301316;22.97609868928296;22.983940086394234;1.0794140323824208;1.0156884196887492;3.3153430994602933;3.7467812288249447;bloc_centre;bloc_centre
69176;Soucieu-en-Jarrest;35.43453935098844;36.16107847214712;5.296531145095114;6.146075981240559;29.653114509511376;29.079103110460796;25.92316299888101;25.426515523560404;1.081685938082805;0.886312589950191;2.610966057441253;2.300914322640945;bloc_centre;bloc_centre
69177;Sourcieux-les-Mines;33.92307692307692;33.46929255091416;4.538461538461538;4.990100951757807;27.615384615384613;28.890171523085286;28.692307692307693;29.043508014554348;1.5384615384615383;1.0744647203273407;3.692307692307693;2.5324622393610685;bloc_centre;bloc_centre
69178;Souzy;22.748815165876778;26.587947085492715;4.028436018957346;4.338344167319984;43.3649289099526;41.70192232167235;21.80094786729858;22.59474625858557;2.132701421800948;1.1683209904166831;5.924170616113744;3.608719176512696;bloc_droite_radicale;bloc_droite_radicale
69179;Beauvallon;36.98248407643312;35.29362711001166;5.015923566878981;4.811065682566822;30.4140127388535;28.582659302222208;24.40286624203821;28.21326238106282;0.8359872611464968;0.9732334732540497;2.348726114649682;2.1261520508824217;bloc_centre;bloc_centre
69180;Saint-André-la-Côte;27.932960893854748;32.270307672188444;3.910614525139665;5.971676082973036;32.402234636871505;31.181386376741965;30.726256983240223;26.46782533738244;0.0;1.1371914608685796;5.027932960893855;2.9716130698455143;bloc_droite_radicale;bloc_centre
69181;Saint-Appolinaire;26.27118644067797;24.664082760625707;5.932203389830509;4.632913388314262;37.28813559322034;30.599245818721858;29.66101694915254;36.41200222734884;0.0;1.3581398042319175;0.847457627118644;2.3336160007573947;bloc_droite_radicale;bloc_gauche
69182;Saint-Bonnet-des-Bruyères;28.62903225806452;29.99804947147173;4.838709677419355;6.806499128849273;41.935483870967744;43.67172832742792;19.758064516129032;15.020998257676451;1.6129032258064515;1.3058825161396554;3.225806451612903;3.1968422984349725;bloc_droite_radicale;bloc_droite_radicale
69183;Saint-Bonnet-le-Troncy;32.27513227513227;33.32479045747149;7.4074074074074066;7.9588389256330645;36.507936507936506;36.81646646605815;20.105820105820104;17.72116597337306;1.5873015873015872;1.0173368448863973;2.1164021164021163;3.1614013325778525;bloc_droite_radicale;bloc_droite_radicale
69184;Sainte-Catherine;31.56146179401993;28.851389567034303;6.4784053156146175;5.802264975438219;32.05980066445183;34.598238576866954;24.91694352159469;26.142147232603165;1.32890365448505;1.0536935707529185;3.654485049833888;3.552266077304443;bloc_droite_radicale;bloc_droite_radicale
69186;Saint-Clément-de-Vers;30.967741935483872;29.60334609730304;4.516129032258064;6.562839952426936;47.74193548387097;42.52131641552827;13.548387096774196;15.616693321424513;0.0;1.1454600835607813;3.225806451612903;4.55034412975645;bloc_droite_radicale;bloc_droite_radicale
69187;Saint-Clément-les-Places;28.03970223325062;28.098376263329687;5.955334987593052;5.520341231312848;31.265508684863523;28.81454658049483;29.03225806451613;33.13324369276195;1.7369727047146404;1.076392491617879;3.970223325062035;3.3570997404827927;bloc_droite_radicale;bloc_gauche
69188;Saint-Clément-sur-Valsonne;26.516853932584272;30.01490355229332;6.51685393258427;5.3352682321890565;36.40449438202247;34.366891101046285;26.06741573033708;26.422253113567923;1.1235955056179776;1.0102057147410395;3.3707865168539324;2.8504782861623683;bloc_droite_radicale;bloc_droite_radicale
69189;Sainte-Colombe;31.428571428571427;32.89677793496966;5.966386554621849;6.211141366729822;31.68067226890756;30.64616397809829;26.89075630252101;26.532113307201065;1.092436974789916;1.1860701497474155;2.941176470588235;2.527733263253754;bloc_droite_radicale;bloc_centre
69190;Sainte-Consorce;38.62951807228915;38.20546268095308;7.906626506024097;6.924764016664691;27.259036144578317;27.025005469009816;22.89156626506024;24.856572707002343;0.9036144578313252;0.7960299670106508;2.409638554216868;2.19216515935941;bloc_centre;bloc_centre
69191;Saint-Cyr-au-Mont-d'Or;48.228542914171655;45.66729855833388;10.479041916167663;10.47661752440509;22.10578842315369;24.150404817899794;17.14071856287425;17.749894954326788;0.4241516966067864;0.5580392220072385;1.621756487025948;1.397744923027212;bloc_centre;bloc_centre
69192;Saint-Cyr-le-Chatoux;38.84297520661157;36.94391870611583;2.479338842975207;5.4022099511668396;33.057851239669425;31.08495400624503;23.96694214876033;24.103872677576735;0.0;0.8334784964427352;1.6528925619834711;1.6315661624528337;bloc_centre;bloc_centre
69193;Saint-Cyr-sur-le-Rhône;37.60964912280701;36.31680435969841;7.785087719298247;6.138507293905747;33.223684210526315;32.11007304314407;19.407894736842103;22.148438069767113;0.219298245614035;0.8514056059292433;1.7543859649122806;2.4347716275554134;bloc_centre;bloc_centre
69194;Saint-Didier-au-Mont-d'Or;45.784615384615385;47.101302560857405;13.6;11.349791675557794;22.95384615384616;22.791616530645264;16.0;16.871029733971653;0.2256410256410256;0.4857077269992605;1.435897435897436;1.4005517719686198;bloc_centre;bloc_centre
69196;Saint-Didier-sur-Beaujeu;30.517711171662125;28.622739830600352;3.2697547683923704;5.688515581621558;37.87465940054496;39.49107309261598;23.705722070844686;21.238689709130522;0.544959128065395;1.1519410542270427;4.087193460490464;3.8070407318045514;bloc_droite_radicale;bloc_droite_radicale
69197;Saint-Étienne-des-Oullières;34.26204819277108;32.145120255452554;6.400602409638554;5.619468743504106;36.82228915662651;39.446122254833384;19.126506024096383;18.97503234400868;0.8283132530120483;1.0219061520821815;2.560240963855421;2.7923502501191053;bloc_droite_radicale;bloc_droite_radicale
69198;Saint-Étienne-la-Varenne;28.97959183673469;29.13808612558756;5.510204081632653;5.159385016856684;43.26530612244898;42.42500081645299;18.77551020408164;18.87191235883074;1.4285714285714286;1.0902481214158977;2.0408163265306123;3.3153675608561315;bloc_droite_radicale;bloc_droite_radicale
69199;Saint-Fons;17.89739603575593;20.972669795774753;1.8266614846482705;1.9734213616809726;19.49086669257676;23.69282008171337;58.16167897396036;50.41897854402644;1.379712397979013;1.386580730665978;1.2436844150796735;1.5555294861384934;bloc_gauche;bloc_gauche
69200;Saint-Forgeux;31.50984682713348;31.75426789767898;6.783369803063458;6.812495743394403;36.54266958424508;40.55302652990032;19.36542669584245;16.666250351731527;0.7658643326039387;1.014917451957832;5.032822757111598;3.1990420253369587;bloc_droite_radicale;bloc_droite_radicale
69201;Sainte-Foy-l'Argentière;33.48765432098765;27.478116809183472;6.018518518518518;5.65247373305142;37.65432098765432;35.3211311633293;17.746913580246915;26.9180247068312;0.7716049382716049;1.281250599996315;4.320987654320987;3.34900298760828;bloc_droite_radicale;bloc_droite_radicale
69202;Sainte-Foy-lès-Lyon;41.71022860263712;40.99343752034789;9.4717952719045;8.060619610232783;21.40906608410705;22.895478708840685;24.896621674338768;25.53285439200767;0.70999453850355;0.8668405120605256;1.8022938285090115;1.6507692565104457;bloc_centre;bloc_centre
69203;Saint-Genis-l'Argentière;26.81660899653979;27.83225780911901;5.536332179930796;4.577713622951197;37.0242214532872;35.16409273854451;25.25951557093425;26.914143528525276;1.7301038062283738;1.4527157152762376;3.633217993079585;4.0590765855837665;bloc_droite_radicale;bloc_droite_radicale
69204;Saint-Genis-Laval;37.02691157624947;36.37549960526985;6.578385305425032;6.203001741540126;24.46817599316532;25.48034206022652;28.910721913712088;29.200728145853304;0.8714224690303289;0.9939230801898329;2.14438274241777;1.7465053669203763;bloc_centre;bloc_centre
69205;Saint-Genis-les-Ollières;37.7209595959596;39.09812073535776;8.207070707070708;6.424031952395221;23.39015151515152;23.923093599693566;27.96717171717172;28.002270250220096;0.6944444444444444;0.8993132224778819;2.0202020202020203;1.6531702398554795;bloc_centre;bloc_centre
69206;Saint-Georges-de-Reneins;30.115384615384617;30.977590015208893;6.038461538461538;6.499177241837276;41.0;39.1630387369287;19.384615384615383;19.861080546777092;1.2307692307692308;0.9698013505550125;2.230769230769231;2.529312108693036;bloc_droite_radicale;bloc_droite_radicale
69207;Saint-Germain-au-Mont-d'Or;33.15051797684339;32.64933870503487;4.021937842778794;5.121615533918312;24.375380865326026;25.467695668464007;35.89274832419257;34.300023260397175;1.0968921389396709;1.0183306922754753;1.4625228519195612;1.44299613991016;bloc_gauche;bloc_gauche
69208;Saint-Germain-Nuelles;36.83510638297872;34.835255902605;5.319148936170213;5.813642172496812;28.125;29.53823069434762;26.1968085106383;26.29606301341003;0.6648936170212766;0.9344651985651378;2.859042553191489;2.582343018575402;bloc_centre;bloc_centre
69209;Saint-Igny-de-Vers;26.495726495726498;28.964326765566557;6.267806267806268;6.337728613576473;47.293447293447294;43.259441000797075;15.384615384615383;16.493356641251474;0.8547008547008548;1.3148512141355242;3.7037037037037033;3.6302957646728946;bloc_droite_radicale;bloc_droite_radicale
69212;Saint-Jean-des-Vignes;32.80757097791798;36.15956129151987;2.8391167192429023;5.8616620815646305;36.59305993690852;31.880515692431988;25.86750788643533;23.405245059265685;0.6309148264984227;0.9842827106633544;1.2618296529968454;1.7087331645544788;bloc_droite_radicale;bloc_centre
69214;Saint-Jean-la-Bussière;24.793388429752067;28.091810287570677;5.922865013774105;5.126248148438798;42.42424242424242;40.59882994902486;22.865013774104685;21.60482021992595;1.3774104683195594;1.084058893155512;2.6170798898071626;3.4942325018842006;bloc_droite_radicale;bloc_droite_radicale
69215;Saint-Julien;36.120996441281136;33.706887885017096;6.049822064056939;5.802873982837731;37.544483985765126;40.557574319866454;17.08185053380783;16.442609296620113;0.8896797153024912;0.9932266739561664;2.3131672597864767;2.4968278417024607;bloc_droite_radicale;bloc_droite_radicale
69216;Saint-Julien-sur-Bibost;34.87031700288185;34.93466358329427;7.492795389048991;7.112329247884376;27.37752161383285;34.399554377691125;24.495677233429397;19.118923478840003;1.729106628242075;1.0574432262742046;4.034582132564841;3.3770860860160226;bloc_centre;bloc_centre
69217;Saint-Just-d'Avray;31.006160164271044;35.83100513493234;9.650924024640656;7.576396835253534;29.56878850102669;32.130391197894056;25.25667351129364;20.211063694003194;1.2320328542094456;1.1642075015936826;3.285420944558522;3.086935636323203;bloc_centre;bloc_centre
69218;Saint-Lager;34.91525423728813;31.26887947731773;6.610169491525424;6.820798112157091;37.96610169491525;41.57294912806984;16.610169491525422;15.522605921898492;0.5084745762711864;1.02885699421873;3.389830508474576;3.7859103663381286;bloc_droite_radicale;bloc_droite_radicale
69219;Saint-Laurent-d'Agny;36.80603152844414;35.91531640874977;5.483207676490747;6.048229805932699;25.42837559972584;26.600555215747928;28.64976010966415;28.09182683363375;1.5078821110349554;0.9740847954796874;2.1247429746401645;2.3699869404561764;bloc_centre;bloc_centre
69220;Saint-Laurent-de-Chamousset;34.11764705882353;31.379604184073617;7.239819004524888;6.809021377538876;30.76923076923077;33.18783446915076;22.624434389140276;23.747289406892968;0.8144796380090499;1.1313029128668017;4.434389140271493;3.744947649476963;bloc_centre;bloc_droite_radicale
69225;Saint-Marcel-l'Éclairé;33.7912087912088;34.15204047618785;3.571428571428571;5.967865098200726;32.69230769230769;34.409989617543715;26.64835164835165;21.5957829799809;1.098901098901099;1.094992053781539;2.197802197802198;2.7793297743052747;bloc_centre;bloc_droite_radicale
69227;Saint-Martin-en-Haut;37.12151002752655;36.27657195668688;7.628784899724734;8.279579627517352;26.582776248525363;29.264806446713525;22.532441997640586;21.57657452020127;0.8257963035784506;0.9438614505658005;5.3086905230043255;3.6586059983151626;bloc_centre;bloc_centre
69228;Chabanière;32.85291943828529;32.90855086559908;6.1714708056171474;5.264301088440047;30.376940133037696;30.178143435716116;25.60975609756097;27.568935014595187;1.2195121951219512;1.1024070345277972;3.76940133037694;2.9776625611217695;bloc_centre;bloc_centre
69229;Saint-Nizier-d'Azergues;28.77358490566038;30.33208273990679;6.367924528301887;6.6644141951758;38.20754716981132;38.95068285495235;21.933962264150946;19.578122356084585;0.9433962264150944;1.0448708210597695;3.7735849056603774;3.4298270328207017;bloc_droite_radicale;bloc_droite_radicale
69230;Sainte-Paule;39.32038834951456;34.75241890723713;9.223300970873789;7.223637087054496;30.097087378640776;30.212610207025875;19.902912621359224;23.176527632558564;0.9708737864077668;0.9403309299932445;0.4854368932038834;3.6944752361307;bloc_centre;bloc_centre
69231;Saint-Pierre-la-Palud;33.31265508684864;30.673887735036075;3.349875930521092;4.238500674462979;30.83126550868486;29.74055323772405;28.225806451612907;31.674008439814212;1.4267990074441688;1.132329546373167;2.853598014888337;2.5407203665895217;bloc_centre;bloc_gauche
69233;Saint-Romain-au-Mont-d'Or;37.45318352059925;39.40250267515984;7.490636704119851;7.470503604708724;25.46816479400749;23.458223793594918;28.46441947565543;27.11643526214621;0.4993757802746567;0.8678905424343429;0.6242197253433208;1.6844441219559743;bloc_centre;bloc_centre
69234;Saint-Romain-de-Popey;35.283018867924525;34.07227222508796;5.471698113207547;6.32479054349087;32.73584905660377;33.051200569663195;23.11320754716981;22.54874056578619;1.2264150943396228;0.9783036940674852;2.1698113207547167;3.024692401904333;bloc_centre;bloc_centre
69235;Saint-Romain-en-Gal;32.27906976744186;32.468318791059694;4.744186046511628;5.795815076266725;29.209302325581397;29.677494835318047;29.860465116279077;28.86656921529716;1.4883720930232558;1.1773744732001084;2.4186046511627906;2.01442760885825;bloc_centre;bloc_centre
69236;Saint-Romain-en-Gier;24.03846153846154;24.41160897078643;2.564102564102564;3.703260686137507;42.94871794871795;38.13249048792564;26.282051282051285;29.701747517162918;0.0;1.1128001499302047;4.166666666666666;2.9380921880573023;bloc_droite_radicale;bloc_droite_radicale
69238;Saint-Symphorien-sur-Coise;33.006856023506366;32.956122953754594;6.121449559255632;6.077720705162319;31.29285014691479;32.4944457651942;24.2409402546523;24.280792488052324;1.4201762977473065;1.1614003323745956;3.9177277179236047;3.0295177554619523;bloc_centre;bloc_centre
69239;Saint-Vérand;33.07392996108949;32.58486452674854;6.22568093385214;6.687727704789541;35.53826199740597;36.573549280420394;21.78988326848249;19.989803366488886;0.648508430609598;0.9672412128301743;2.723735408560312;3.1968139087224756;bloc_droite_radicale;bloc_droite_radicale
69240;Saint-Vincent-de-Reins;24.744897959183675;28.03931546208038;6.63265306122449;6.275634849444477;45.91836734693878;41.85312529920241;17.857142857142858;19.333218237127;0.5102040816326531;1.207490711587654;4.336734693877551;3.291215440558078;bloc_droite_radicale;bloc_droite_radicale
69241;Taluyers;36.8944099378882;36.356850005267766;3.850931677018633;5.981298256553494;32.36024844720497;31.35395189212552;23.60248447204969;23.463922152119054;0.9937888198757764;0.8636892449127922;2.298136645962733;1.980288449021378;bloc_centre;bloc_centre
69242;Taponas;25.34965034965035;27.339921536799505;5.769230769230769;5.0649655675501455;41.43356643356643;41.4106708621012;21.153846153846157;21.4799508873781;1.9230769230769231;0.919368687700558;4.370629370629371;3.7851224584704877;bloc_droite_radicale;bloc_droite_radicale
69243;Tarare;28.89848812095032;27.330588748220997;5.053995680345572;4.453710754763265;31.77105831533477;32.15468067535661;30.971922246220306;32.320882263792825;1.1663066954643628;1.3249762996758454;2.138228941684665;2.415161258190461;bloc_droite_radicale;bloc_gauche
69244;Tassin-la-Demi-Lune;41.08976482278901;40.531021441835655;9.084133819145412;8.5974228826195;25.41404438555813;24.8808254761214;21.92779065915866;23.126542112189867;0.7038754554488241;0.905895242709258;1.7803908578999668;1.9582928445243257;bloc_centre;bloc_centre
69245;Ternand;33.19502074688796;33.36921662677404;6.846473029045644;6.2300877825117515;33.40248962655601;34.56843489059737;23.443983402489625;22.5209084433925;1.2448132780082988;1.0041868552558457;1.867219917012448;2.307165401468494;bloc_droite_radicale;bloc_droite_radicale
69246;Theizé;36.40718562874252;36.90723428571253;8.383233532934131;7.197958609769558;23.233532934131738;27.62491678693162;28.622754491017965;25.355735766236148;0.718562874251497;0.8951328209440109;2.634730538922156;2.019021730406125;bloc_centre;bloc_centre
69248;Thizy-les-Bourgs;28.849496002780672;29.30787250013841;4.866180048661801;5.7525418952080285;37.851929092805;35.378561280820804;23.56621480709072;25.338359999071113;1.4946124435175532;1.2273624325943093;3.371567605144248;2.995301892167344;bloc_droite_radicale;bloc_droite_radicale
69249;Thurins;35.104752171691366;35.21439820444886;5.314256515074093;6.683283523560337;33.00970873786408;32.543569407856424;22.63668880940215;21.81325021881977;0.8686765457332651;0.9152069950038977;3.065917220235054;2.8302916503107056;bloc_centre;bloc_centre
69250;La Tour-de-Salvagny;43.85416666666666;42.304405590480386;9.270833333333334;9.123404022895068;24.72222222222222;24.970839868581884;20.03472222222222;21.196826691996105;0.7638888888888888;0.7299961764115174;1.3541666666666667;1.6745276496350345;bloc_centre;bloc_centre
69252;Trèves;31.87066974595843;29.633688815381053;4.387990762124711;4.002560588421746;36.72055427251732;30.518858741055283;23.094688221709006;31.443535163509935;1.8475750577367205;1.1532081801174396;2.07852193995381;3.2481485115145508;bloc_droite_radicale;bloc_gauche
69253;Tupin-et-Semons;30.42394014962593;32.52490012562569;7.73067331670823;6.386020319243898;38.65336658354115;33.81840900676882;21.94513715710723;23.189147121326613;0.7481296758104738;0.8816991017546513;0.4987531172069825;3.1998243252803213;bloc_droite_radicale;bloc_droite_radicale
69254;Valsonne;26.035502958579883;27.215171199951747;5.325443786982249;4.547516688767319;40.82840236686391;38.79604152783527;22.287968441814595;25.238542257911796;1.5779092702169626;1.3002386592371085;3.9447731755424074;2.902489666296761;bloc_droite_radicale;bloc_droite_radicale
69255;Vaugneray;35.933223864258345;36.29556471743915;6.157635467980295;7.024895411448484;29.22824302134647;28.317070364180495;24.548440065681447;24.479712393681314;1.0673234811165846;0.9241454373184592;3.065134099616858;2.958611675932084;bloc_centre;bloc_centre
69256;Vaulx-en-Velin;18.371845005332386;20.00138129699454;1.5001777461784571;1.375973192891945;17.653750444365446;21.199157368234406;60.227515108425166;54.77849720092032;1.1446853892641309;1.3309524384242726;1.1020263064344118;1.3140385025345112;bloc_gauche;bloc_gauche
69257;Vaux-en-Beaujolais;31.176470588235293;29.659868129836862;4.705882352941177;4.7087685731353215;37.35294117647059;39.205692008325435;22.647058823529413;21.959055887230182;0.8823529411764706;1.1317446368363355;3.23529411764706;3.334870764635863;bloc_droite_radicale;bloc_droite_radicale
69258;Vauxrenard;33.480176211453745;35.364373246558344;10.13215859030837;8.54976014609744;30.837004405286343;29.804199013019478;22.46696035242291;22.477300061057022;0.881057268722467;1.1917651156890954;2.202643171806168;2.612602417578628;bloc_centre;bloc_centre
69259;Vénissieux;19.39128664495114;20.997896676589683;1.8271579804560265;1.8255282285682746;20.1496335504886;22.90676311170456;55.99552117263844;51.33136228562177;1.3283794788273615;1.3895341030203099;1.3080211726384363;1.5489155944954054;bloc_gauche;bloc_gauche
69260;Vernaison;37.82771535580524;36.76119489752971;8.014981273408239;6.10937015600244;24.756554307116104;26.89145246734361;26.44194756554307;27.518594946988657;0.9363295880149812;0.9565875210055443;2.02247191011236;1.7628000111300428;bloc_centre;bloc_centre
69261;Vernay;52.27272727272727;46.906821764697014;15.909090909090908;9.96533447945189;25.0;19.19308546467183;6.8181818181818175;20.350327779180827;0.0;0.5563598378612048;0.0;3.0280706741372416;bloc_centre;bloc_centre
69263;Villechenève;32.52788104089219;32.08982105447397;5.390334572490707;5.981841691591015;40.33457249070632;36.82935413062849;17.472118959107807;20.947080374514044;1.858736059479554;0.9226481977475198;2.41635687732342;3.22925455104497;bloc_droite_radicale;bloc_droite_radicale
69264;Villefranche-sur-Saône;28.67033948779036;28.639510736171093;5.203990470518165;5.4363290355236975;28.44699225729601;29.134000090432426;34.566706372840976;33.42481373824511;1.153960690887433;1.2463463288218282;1.958010720667064;2.119000070805854;bloc_gauche;bloc_gauche
69265;Ville-sur-Jarnioux;32.48730964467005;34.89692984661909;5.245346869712352;6.427301497206208;33.16412859560068;30.46994768469768;26.22673434856176;24.843005055973556;0.676818950930626;0.9866340695521293;2.199661590524535;2.376181845951356;bloc_droite_radicale;bloc_centre
69266;Villeurbanne;27.35215481571074;29.654848542589075;3.184480234260615;4.483661788296925;18.718568973200075;20.65588130605637;48.2748742758928;42.43395653985152;1.1506142975364442;1.2787273452552035;1.3193074033993253;1.492924477950897;bloc_gauche;bloc_gauche
69267;Villié-Morgon;32.918800292611564;33.314152177501;6.291148500365765;6.370584893682536;38.33211411850768;34.74567771304555;20.11704462326262;21.72390159561505;0.6583760058522311;0.9957088545073746;1.6825164594001465;2.8499747656484793;bloc_droite_radicale;bloc_droite_radicale
69268;Vourles;40.99599822143175;40.04550350552417;7.73677189862161;7.317060265536789;28.63494886616274;28.491570038604593;19.56425077812361;21.20921304201315;0.6224988883948421;0.7464799736896289;2.4455313472654514;2.19017317463168;bloc_centre;bloc_centre
69269;Yzeron;33.69905956112852;34.80462965497557;4.38871473354232;6.161074812768731;25.235109717868337;29.445099955124803;31.19122257053292;26.170782023003092;1.7241379310344829;1.016006146879353;3.761755485893417;2.402407407248459;bloc_centre;bloc_centre
69270;Chaponnay;36.48553281580805;36.714992105591854;8.115737473535638;6.9714580034500635;34.15666901905434;33.2442019462416;18.242766407904025;20.005509571116736;0.6704304869442484;0.8451553074640907;2.328863796753705;2.2186830661356414;bloc_centre;bloc_centre
69271;Chassieu;34.76785438840043;36.25119531936004;6.879531081289526;6.161975579168499;31.065864568872435;29.842092344185446;25.06555606972081;24.888323704413995;0.663273175998766;0.8797118550877244;1.557920715718032;1.976701197784293;bloc_centre;bloc_centre
69272;Communay;33.69225425494963;34.833703677989;4.758596734977423;5.188427175055111;31.22612018061827;29.080207731524666;26.98853768669677;27.812069457253756;1.1114970475859671;0.9274156532524922;2.2229940951719347;2.158176304924974;bloc_centre;bloc_centre
69273;Corbas;29.20275764539508;29.33403859460838;3.888987095633728;4.2946585777347845;34.75340286370868;33.0570847927514;29.043662718755524;30.030185283012422;1.0959872724058688;1.1338431530717612;2.015202404101114;2.1501895988212505;bloc_droite_radicale;bloc_droite_radicale
69275;Décines-Charpieu;25.239968528717544;27.040733808659002;3.941778127458694;4.140632756811687;31.24311565696302;30.916170425909566;36.44374508261212;34.450767526899426;1.1801730920535012;1.1839940428497473;1.951219512195122;2.2677014388705787;bloc_gauche;bloc_gauche
69276;Feyzin;24.676772180115915;25.624367806125527;2.6972804279982165;2.960548931490164;31.921533660276413;30.10297558366228;37.895675434685685;38.30068260363914;1.1814534106107892;1.1938441132934259;1.6272848863129736;1.8175809617894783;bloc_gauche;bloc_gauche
69277;Genas;38.816341200431296;37.44461412495513;6.289684916736552;6.4156915056456265;31.56822810590631;31.281844522810747;20.78591110578651;21.873790373763292;0.8625853600095842;0.8777072667504836;1.677249311129747;2.1063522060747344;bloc_centre;bloc_centre
69278;Genay;34.889753566796365;35.270210535603205;5.869001297016861;5.7800929237396765;31.744487678339816;31.070618336877388;24.610894941634243;24.84990687208341;0.648508430609598;0.9379333851134639;2.237354085603113;2.091237946582857;bloc_centre;bloc_centre
69279;Jonage;31.916578669482572;30.930076607912792;3.907074973600845;4.868868166902293;38.46356916578669;35.93530839316752;23.07286166842661;25.33344147248399;0.8183738120380148;0.9281134526252788;1.8215417106652587;2.0041919069081016;bloc_droite_radicale;bloc_droite_radicale
69280;Jons;29.92700729927008;27.26432390235911;4.866180048661801;4.4504157690453745;45.01216545012166;42.95359969932276;16.423357664233578;21.30157482998407;1.338199513381995;0.9672563664375416;2.4330900243309004;3.0628294328511445;bloc_droite_radicale;bloc_droite_radicale
69281;Marennes;33.24514991181658;35.65206655460486;4.850088183421517;5.955300302929178;39.94708994708995;34.992428851280714;18.871252204585534;20.23492132504809;0.7054673721340388;0.9533883271865955;2.380952380952381;2.2118946389505663;bloc_droite_radicale;bloc_centre
69282;Meyzieu;28.734932424205528;29.978134351070068;4.322415682454645;4.516661687296885;28.66796542067454;29.730545934700757;35.273347132594665;32.681458586400176;1.107999512967247;1.066033762173379;1.8933398271033728;2.027165678358731;bloc_gauche;bloc_gauche
69283;Mions;29.83782297965915;28.755413975799748;4.315557998900495;3.8816486921637106;33.287520615722926;34.5147834013261;30.08521165475536;29.599667837399853;0.8108851017042331;1.0216374883842636;1.663001649257834;2.2268486049263174;bloc_droite_radicale;bloc_droite_radicale
69284;Montanay;43.091787439613526;41.57084152832813;7.584541062801932;6.814419667196391;22.70531400966184;24.366306137262598;23.768115942028984;24.569250669757693;0.6763285024154589;0.7755588306151777;2.1739130434782608;1.9036231668400156;bloc_centre;bloc_centre
69285;Pusignan;27.49326145552561;27.672962758845728;3.953279424977538;4.964125106511541;44.42946990116801;42.06930207044141;20.979335130278525;21.827325154212076;1.0332434860736748;0.9360001768166063;2.11141060197664;2.5302847331726457;bloc_droite_radicale;bloc_droite_radicale
69286;Rillieux-la-Pape;28.61903600747785;28.905489779704713;4.787450215394619;4.672099892443888;24.08355685605137;25.928085759135943;39.99024628139478;37.695462289512996;0.9022189709826872;1.1069697255324078;1.617491668698691;1.6918925536700387;bloc_gauche;bloc_gauche
69287;Saint-Bonnet-de-Mure;33.2275390625;33.76299551299197;5.126953125;5.714044083478422;38.3544921875;35.14726928278137;20.458984375;21.992895118175777;0.634765625;0.9010852332777797;2.197265625;2.4817107692946747;bloc_droite_radicale;bloc_droite_radicale
69288;Saint-Laurent-de-Mure;31.029323758228607;30.852490348567606;4.817474566128067;5.815396652959434;40.93357271095152;38.447856702520504;20.227408737283064;21.285191105583788;0.9874326750448832;0.9767850601933531;2.0047875523638536;2.6222801301753167;bloc_droite_radicale;bloc_droite_radicale
69289;Saint-Pierre-de-Chandieu;30.91088457744163;31.210868358030986;5.129891483064782;5.035103941555101;40.8089444261756;38.06999635569808;20.388030253206185;22.344201810281273;0.756330154554423;0.9653446508232718;2.0059191055573824;2.3744848836112933;bloc_droite_radicale;bloc_droite_radicale
69290;Saint-Priest;25.838876570583885;26.13895868123368;3.5181079083518108;3.6841199442270636;28.37152007883716;29.795337342554546;39.49741315594974;37.21161008576293;1.1086474501108647;1.1985116121281603;1.6654348361665436;1.9714623340936248;bloc_gauche;bloc_gauche
69291;Saint-Symphorien-d'Ozon;31.447963800904976;30.301506298563254;5.268261150614092;4.7829555503240035;33.96897220426632;34.29758815417407;26.01809954751132;27.101434515758662;1.0342598577892694;1.0992294946694017;2.262443438914027;2.4172859865106253;bloc_droite_radicale;bloc_droite_radicale
69292;Sathonay-Camp;28.25267127592709;29.694850582567494;5.279698302954117;4.861065476312064;34.60087994971716;32.62992513515286;28.62979258328096;29.230128239941244;1.257071024512885;1.200513567543093;1.9798868636077935;2.3835169984832447;bloc_droite_radicale;bloc_droite_radicale
69293;Sathonay-Village;38.75776397515528;39.17486068470893;6.3354037267080745;7.038275101178437;27.701863354037265;28.470724807259835;24.285714285714285;22.53643358141343;0.6211180124223602;0.795920996088577;2.298136645962733;1.983784829350792;bloc_centre;bloc_centre
69294;Sérézin-du-Rhône;34.84573502722323;33.31256984860335;4.053236539624924;4.986204385286433;32.60738052026618;31.068818306245973;24.863883847549907;27.50002203603007;1.1494252873563218;1.0160637436801638;2.4803387779794317;2.1163216801540146;bloc_centre;bloc_centre
69295;Simandres;32.60135135135135;30.234620772315424;4.8141891891891895;4.986766521570864;39.52702702702703;36.80907995564567;20.60810810810811;24.247223581903523;0.6756756756756757;1.0588190061164933;1.773648648648649;2.663490162448025;bloc_droite_radicale;bloc_droite_radicale
69296;Solaize;33.20775026910657;33.85604682106173;6.889128094725511;5.955396383517015;34.01506996770721;32.775567521287826;22.282023681377822;24.193348725639225;1.3455328310010763;0.9139756235216746;2.2604951560818085;2.3056649249725383;bloc_droite_radicale;bloc_centre
69297;Ternay;34.850455136540965;33.836076946323935;4.583875162548765;5.125878712098139;33.517555266579976;31.90849621504838;23.66710013003901;25.95719377630024;1.1053315994798438;1.0044491440719152;2.275682704811443;2.167905206157389;bloc_centre;bloc_centre
69298;Toussieu;33.14763231197772;32.353665477942364;6.573816155988858;5.383762337415186;37.71587743732591;37.42210750528243;19.498607242339837;21.248685292639077;0.7799442896935933;0.9869928920431071;2.284122562674095;2.604786494677832;bloc_droite_radicale;bloc_droite_radicale
69299;Colombier-Saugnieu;27.19129878438899;26.189011568206748;3.83877159309021;4.743334621684337;48.24056301983365;46.20612805515981;17.146513115802943;18.703151217781144;1.343570057581574;1.0442739326490045;2.239283429302623;3.114100604518953;bloc_droite_radicale;bloc_droite_radicale
